dipeptide,class,mean_in_class,mean_in_other,ratio,p_value,SHAP_importance,p_adj,significant
KV,Cytoplasm,0.0054638321218886555,0.003938457284023144,1.3873026233021213,1.104895638991015e-13,0.0843033641576767,2.0461030351685462e-13,True
LF,Cytoplasm,0.003158390181244625,0.004582660193548915,0.6892045335787151,5.411142192065696e-13,0.10056839138269424,9.662753914403029e-13,True
LW,Cytoplasm,0.0005819852275653771,0.001025180421856576,0.5676905402772093,1.7330983548783283e-09,0.0763891264796257,2.7953199272231106e-09,True
HG,Cytoplasm,0.001601271795562854,0.0010730316631020758,1.4922875536903215,1.3515274480659502e-08,0.12731045484542847,2.111761637603047e-08,True
VD,Cytoplasm,0.0038998684599352517,0.00321432956186852,1.2132758588911527,3.243180893077038e-07,0.1011519655585289,4.913910444056118e-07,True
LQ,Cytoplasm,0.0036286041990939155,0.004508214271736135,0.8048872525521114,1.9557893776340638e-06,0.11742448806762695,2.79398482519152e-06,True
AS,Cytoplasm,0.005570896809703713,0.004953853717629871,1.1245581979697739,2.419599072406423e-05,0.07910110056400299,3.269728476224896e-05,True
AL,Cytoplasm,0.005000075312710567,0.005540159400773727,0.9025147023770231,5.875070811986985e-05,0.07561381161212921,7.532142066649981e-05,True
IK,Cytoplasm,0.004892989373726926,0.004485906749756842,1.090747009841912,0.0032786655130622737,0.09443212300539017,0.003812401759374737,True
DL,Cytoplasm,0.005553194952188716,0.005228518338667747,1.0620972505957964,0.026585129382879994,0.09067536890506744,0.028282052534978716,True
LF,Membrane_Secretory,0.006470247152046348,0.0034728101322877795,1.8631157205775457,3.989435954785307e-77,0.2054235339164734,1.9947179773926536e-75,True
FF,Membrane_Secretory,0.004407564027500578,0.0016412954165367843,2.685417861460163,1.872781128442291e-75,0.21836398541927338,4.6819528211057276e-74,True
FI,Membrane_Secretory,0.004470084257769415,0.0025449160064048323,1.7564761455857403,1.8774628294380564e-52,0.1226181909441948,3.129104715730094e-51,True
LI,Membrane_Secretory,0.007435903939849249,0.005172239831192479,1.4376564472136772,2.3741449460809295e-40,0.1386270821094513,1.9784541217341077e-39,True
IK,Membrane_Secretory,0.0035056241908924357,0.004984911807958265,0.7032469832858045,5.170970268103288e-37,0.11580224335193634,3.693550191502349e-36,True
II,Membrane_Secretory,0.005836077919932792,0.003791997644509669,1.5390510403883535,5.474456574708049e-31,0.11958669126033783,3.0413647637266938e-30,True
WF,Membrane_Secretory,0.0009771885069654008,0.0004098604613877561,2.3841980357332235,2.661204603530397e-30,0.10146402567625046,1.2096384561501804e-29,True
KV,Membrane_Secretory,0.0032242373113597544,0.00458789603113679,0.7027703525707081,5.851981013369612e-29,0.11890202015638351,2.4383254222373385e-28,True
DI,Membrane_Secretory,0.003196423202164315,0.004312508789841526,0.7411980723827756,1.410806495177313e-23,0.11033190041780472,4.408770297429103e-23,True
TS,Membrane_Secretory,0.00646306239811955,0.004814607690212178,1.342386091240328,9.794291023624198e-07,0.13259416818618774,1.4403369152388527e-06,True
DD,Mitochondria,0.002879750037396577,0.004670438848813609,0.6165908880550047,7.896604826150437e-28,0.20190921425819397,3.0371557023655528e-27,True
SD,Mitochondria,0.0031093409022104126,0.004461523717349003,0.6969235398479412,2.5607815716041448e-22,0.15632915496826172,7.113282143344847e-22,True
DE,Mitochondria,0.0035266621004069994,0.005036083367557789,0.7002787370688877,1.9350650141097637e-20,0.1144232302904129,5.0922763529204305e-20,True
SN,Mitochondria,0.003987510253598301,0.005515977609723252,0.7229018200816015,1.0637452063521688e-18,0.15752917528152466,2.4176027417094744e-18,True
ES,Mitochondria,0.0035634229740556093,0.0047473720467641175,0.7506095875684514,1.9861488673400585e-18,0.11813994497060776,4.3177149290001274e-18,True
EE,Mitochondria,0.00446316962380948,0.0061772298033870125,0.7225196027776556,3.4473550093331185e-17,0.1302892118692398,7.18198960277733e-17,True
ED,Mitochondria,0.0032030070869017145,0.004423227520522515,0.7241334686132862,3.2618028353000405e-16,0.1423751413822174,6.272697760192385e-16,True
KG,Mitochondria,0.0044093905917956845,0.0030484794531687913,1.4464229329845972,1.442773209769734e-12,0.12223901599645615,2.487540016844369e-12,True
SS,Mitochondria,0.007154171211503476,0.010134065695116523,0.705952716978239,1.8519966359338053e-12,0.11265669018030167,3.0866610598896756e-12,True
KD,Mitochondria,0.004601516173825896,0.004078507467134563,1.1282353191469778,0.02530686712113701,0.11717632412910461,0.027507464262105447,True
DD,Nucleus,0.005799793585842148,0.00361548107852467,1.6041554249286258,2.1219076315157321e-47,0.14074258506298065,2.6523845393946653e-46,True
KR,Nucleus,0.0053184348437723085,0.003768265159380196,1.4113748950318252,1.3061753886052969e-42,0.21890269219875336,1.3061753886052967e-41,True
LF,Nucleus,0.0032048245101558084,0.004975953738726991,0.6440623603899713,2.1717565814931434e-32,0.13791455328464508,1.3573478634332147e-31,True
FL,Nucleus,0.003316057529522205,0.005167469289511346,0.6417178978214658,6.27334556537189e-31,0.13420680165290833,3.136672782685945e-30,True
RK,Nucleus,0.004568975816678071,0.0035842072373208265,1.2747521318252102,1.7772582195927726e-27,0.07092627137899399,6.347350784259903e-27,True
NN,Nucleus,0.005550295565242281,0.00379129963004357,1.4639559272128795,2.824784162019397e-25,0.07183615863323212,9.415947206731323e-25,True
DI,Nucleus,0.004615999140312556,0.0036409385768075364,1.2678047275271467,4.63520762483437e-23,0.07098165154457092,1.3632963602454029e-22,False
PD,Nucleus,0.002392312031187795,0.001820095940316846,1.3143878727466074,4.2030345177001394e-20,0.11109517514705658,1.0507586294250349e-19,True
LG,Nucleus,0.0037967431817265682,0.005080817930689199,0.7472700721656347,4.426170671782073e-19,0.11683095991611481,1.0538501599481127e-18,True
AG,Nucleus,0.0024439774759065433,0.0035824321089791998,0.6822118051534953,3.1467460426234726e-16,0.07085296511650085,6.272697760192385e-16,True
DY,Other,0.0025811207044352607,0.0019258935407737404,1.3402198251302502,1.5962764443986733e-05,0.14215031266212463,2.2170506172203794e-05,True
FD,Other,0.003369250113260117,0.002524431218048496,1.3346571256018238,5.5938572212640144e-05,0.10040747374296188,7.360338449031599e-05,False
PP,Other,0.0034788636714220065,0.0024185161641852365,1.438428951990894,7.692588478860306e-05,0.11590758711099625,9.615735598575382e-05,True
VQ,Other,0.002443285038651934,0.002080236630260087,1.17452264954418,0.0003726269754355627,0.10499246418476105,0.0004544231407750765,True
EA,Other,0.004501327098022669,0.003511410837670548,1.2819141097738442,0.002257007817446337,0.12556540966033936,0.002686914068388496,True
AT,Other,0.002690938237571279,0.0036826864917638576,0.7306997876657235,0.017635035224047163,0.11453001946210861,0.02003981275459905,True
GR,Other,0.0016401260334720225,0.0022515092224173086,0.7284562804104878,0.01996485949093358,0.11046187579631805,0.022183177212148422,True
SR,Other,0.004470609226352997,0.003862275510546675,1.1575065564704412,0.03565606952047602,0.10218905657529831,0.037141739083829194,True
MA,Other,0.0010133646435788112,0.0015182552033999167,0.667453430299152,0.2507511249036434,0.09870585054159164,0.2558684947996361,True
FK,Other,0.0027522737941074503,0.0030450812814396392,0.9038424724105372,0.6185434679160946,0.1372743546962738,0.6185434679160946,True
